Year,Cash,Stocks,Bonds,Savings
1,1000.0,1229.7364948453608,1152.702474226804,1020.0
2,1000.0,1598.3628597487511,1417.5122626672335,1040.4
