Category,Amount
Cash,53956.0
Stocks,1017964.2526766309
Bonds,155769.14254422192
Savings,64438.413777078356
Total,1292127.8089979312
