Year,Cash,Stocks,Bonds,Savings
1,100.0,1449.1399999999999,1067.11,102.0
2,600.0,2334.03042,1154.6130199999998,614.04
3,600.0,2810.639431764,2861.541551862,626.3208
4,600.0,3438.536280820078,2953.110881521584,638.847216
5,600.0,4711.506262090513,3358.5730055544973,651.62416032
